Account Number,Full Name,Date of Birth,Sex,Address,Phone Number,Email,Educational Attainment,Occupational Status,Initial Deposit,PIN,Security Question,Answer
20240001,Cedie James,08/30/2004,Male,Camella,09498055501,cj@gmail.com,Elementary,Employed,900000,654321,What is the name of your favorite pet?,Amor
20240002,Steven Boncodin,08/20/2004,Male,Bahay,99099,steven@gmail.com,College Undergraduate,Employed,10000,123456,What high school did you attend?,pnc
20240003,Lexie Mae Amador,05/06/2004,Female,Buena,970780401,lexie@gmail.com,Master's Degree,Self-Employed,20000,123456,What high school did you attend?,annex
20240005,Dove Jancee,08/30/2004,Male,Camella,9498055504,cj@gmail.com,Elementary,Unemployed,10000,123456,What is your mother's maiden name?,Amor
20240006,Kyla Marie,10/22/2024,Female,bahay,09498044401,kyla@gmail.com,Master's Degree,Unemployed,10000,123456,What high school did you attend?,usa
20240007,Sophia,12/12/1900,Female,Asgard,09502695473,peace@gmail.com,Master's Degree,Employed,9000,123456,What is the name of your favorite pet?,whitey
20240008,Iean Cinco,12/12/1900,Female,Anak ng bayan. Pulo,09101314150,hala@gmail.com,High School,Unemployed,0,123456,What is the name of your favorite pet?,asoka
20240010,Alice Guo,12/12/1990,Female,China,09304040012,guo@gmail.com,Master's Degree,Self-Employed,0,123456,What is your mother's maiden name?,Amelia
20240012,Kyla Guo,10/12/2003,Female,pnc,09090909009,kyla@gmail.com,Master's Degree,Student,50000,123456,What is the name of your favorite pet?,Narra
