Ticket Number,Account Number,Name,Decision,Time,Status
24070001,20240001,Cedie Gems,Approved,June 1 2024 11:10 AM,Read
24070002,20240002,Steven Boncodin,Approved,June 1 2024 11:45 PM,Read
24070003,20240003,Lexie Mae Amador,Approved,June 2 2024 10:02 PM,Read
24070004,20240004,Iean Cinco,Approved,June 2 2024 10:11 PM,Read
24070005,20240005,Dove Jancee,Approved,June 4 2024 7:27 PM,Not Read
24070006,20240006,Kyla Marie,Approved,June 4 2024 7:30 PM,Not Read
24070007,20240007,Sophia,Approved,June 4 2024 7:36 PM,Not Read
24070008,20240008,Iean Cinco,Approved,June 5 2024 12:09 AM,Not Read
24070009,20240009,Markdyl Vidad,Rejected,June 5 2024 1:09 AM,Read
24070010,20240010,Alice Guo,Approved,June 5 2024 1:28 AM,Read
24070011,20240011,SOPI,Rejected,June 5 2024 1:43 AM,Not Read
24070012,20240012,Kyla Guo,Approved,June 5 2024 12:20 PM,Not Read
